{
  "a": [
    -5.85131794131565e-05,
    -5.6568744799735196e-05,
    -4.7164987503209525e-05
  ],
  "b": [
    -0.00011296804987651411,
    -0.0001272915571736606,
    0.00024029699077113284
  ]
}