id,winner_model_a,winner_model_b,winner_tie
1233961,0.21323779970407486,0.47478799521923065,0.3119742199778557
136060,0.02286460716277361,0.9032754302024841,0.07385996729135513
211333,0.3985998332500458,0.20835714042186737,0.39304307103157043
