id,winner_model_a,winner_model_b,winner_tie
136060,0.14108476,0.55602884,0.3028864
211333,0.053461745,0.19307366,0.75346464
1233961,0.19901758,0.4931106,0.30787182
