id,winner_model_a,winner_model_b,winner_tie
136060,0.1481312,0.5425724,0.30929646
211333,0.056413967,0.19408749,0.74949855
1233961,0.20811342,0.5056881,0.28619853
