id,winner_model_a,winner_model_b,winner_tie
136060,0.344947,0.34707603,0.30797693
211333,0.344947,0.34707603,0.30797693
1233961,0.344947,0.34707603,0.30797693
