id,winner_model_a,winner_model_b,winner_tie
136060,0.16409731,0.8,0.03590269
211333,0.27607068,0.24173538,0.48219398
1233961,0.24220285,0.7,0.05779715
