id,winner_model_a,winner_model_b,winner_tie
136060,0.1982672,0.62278557,0.17894721
211333,0.17508519,0.37165388,0.4532609
1233961,0.25234166,0.5687008,0.1789576
