id,winner_model_a,winner_model_b,winner_tie
136060,0.5004189,0.4983015,0.0012795887
211333,0.51451635,0.48449978,0.0009838883
1233961,0.49786043,0.50122595,0.00091357366
