id,winner_model_a,winner_model_b,winner_tie
136060,0.4981767020442593,0.11589572969372373,0.38592756826201696
211333,0.7518176765321359,0.18034729355174867,0.06783502991611541
1233961,0.7130951896663282,0.02984939932518791,0.2570554110084838
