id,winner_model_a,winner_model_b,winner_tie
136060,0.14814138,0.5533845,0.29847413
211333,0.054931242,0.19994068,0.7451281
1233961,0.20393638,0.5005233,0.29554027
