id,winner_model_a,winner_model_b,winner_tie
136060,0.15054795,0.5512067,0.29824534
211333,0.054215617,0.19034953,0.7554348
1233961,0.20461965,0.49711773,0.29826266
