id,winner_model_a,winner_model_b,winner_tie
136060,0.16409731,0.27397913,0.56192356
211333,0.27607068,0.24173538,0.48219398
1233961,0.24220285,0.3717988,0.38599834
