id,winner_model_a,winner_model_b,winner_tie
136060,0.26253384,0.23062252,0.5068437
211333,0.43820155,0.39486775,0.16693072
1233961,0.43187675,0.39449203,0.17363124
