id,winner_model_a,winner_model_b,winner_tie
136060,0.0024478854611516,0.9868282079696655,0.01072392426431179
211333,0.4459269493818283,0.24284768849611282,0.3112253248691559
1233961,0.11105095967650414,0.695005863904953,0.19394316524267197
